Workbook

Sheet Aylık
A1: FÖY — Nakit Akışı Takip Şablonu
A2: Krem hücreleri siz doldurun, beyaz hücreleri Excel hesaplar. Portföyünüz o ay değer kaybettiyse eksi yazın (örn. -9600).
A3: Ay | B3: Aktif gelir | C3: Pasif gelir | D3: Portföy geliri | E3: Toplam gelir | F3: Pasif payı % | G3: Aylık gider (isteğe bağlı) | H3: Pasif gelirin gideri karşılama %
A4: Ocak 2026 | B4: 85000 | C4: 12500 | D4: 18400 | E4: =IF(AND(B4="",C4="",D4=""),"",B4+C4+D4) | F4: =IF(OR(E4="",E4<=0),"",C4/E4) | G4: 62000 | H4: =IF(OR(G4="",G4<=0),"",C4/G4)
A5: Şubat 2026 | B5: 85000 | C5: 13250 | D5: -9600 | E5: =IF(AND(B5="",C5="",D5=""),"",B5+C5+D5) | F5: =IF(OR(E5="",E5<=0),"",C5/E5) | G5: 58500 | H5: =IF(OR(G5="",G5<=0),"",C5/G5)
A6: Mart 2026 | B6: 85000 | C6: 14100 | D6: 22750 | E6: =IF(AND(B6="",C6="",D6=""),"",B6+C6+D6) | F6: =IF(OR(E6="",E6<=0),"",C6/E6) | H6: =IF(OR(G6="",G6<=0),"",C6/G6)
E7: =IF(AND(B7="",C7="",D7=""),"",B7+C7+D7) | F7: =IF(OR(E7="",E7<=0),"",C7/E7) | H7: =IF(OR(G7="",G7<=0),"",C7/G7)
E8: =IF(AND(B8="",C8="",D8=""),"",B8+C8+D8) | F8: =IF(OR(E8="",E8<=0),"",C8/E8) | H8: =IF(OR(G8="",G8<=0),"",C8/G8)
E9: =IF(AND(B9="",C9="",D9=""),"",B9+C9+D9) | F9: =IF(OR(E9="",E9<=0),"",C9/E9) | H9: =IF(OR(G9="",G9<=0),"",C9/G9)
E10: =IF(AND(B10="",C10="",D10=""),"",B10+C10+D10) | F10: =IF(OR(E10="",E10<=0),"",C10/E10) | H10: =IF(OR(G10="",G10<=0),"",C10/G10)
E11: =IF(AND(B11="",C11="",D11=""),"",B11+C11+D11) | F11: =IF(OR(E11="",E11<=0),"",C11/E11) | H11: =IF(OR(G11="",G11<=0),"",C11/G11)
E12: =IF(AND(B12="",C12="",D12=""),"",B12+C12+D12) | F12: =IF(OR(E12="",E12<=0),"",C12/E12) | H12: =IF(OR(G12="",G12<=0),"",C12/G12)
E13: =IF(AND(B13="",C13="",D13=""),"",B13+C13+D13) | F13: =IF(OR(E13="",E13<=0),"",C13/E13) | H13: =IF(OR(G13="",G13<=0),"",C13/G13)
E14: =IF(AND(B14="",C14="",D14=""),"",B14+C14+D14) | F14: =IF(OR(E14="",E14<=0),"",C14/E14) | H14: =IF(OR(G14="",G14<=0),"",C14/G14)
E15: =IF(AND(B15="",C15="",D15=""),"",B15+C15+D15) | F15: =IF(OR(E15="",E15<=0),"",C15/E15) | H15: =IF(OR(G15="",G15<=0),"",C15/G15)
E16: =IF(AND(B16="",C16="",D16=""),"",B16+C16+D16) | F16: =IF(OR(E16="",E16<=0),"",C16/E16) | H16: =IF(OR(G16="",G16<=0),"",C16/G16)
E17: =IF(AND(B17="",C17="",D17=""),"",B17+C17+D17) | F17: =IF(OR(E17="",E17<=0),"",C17/E17) | H17: =IF(OR(G17="",G17<=0),"",C17/G17)
E18: =IF(AND(B18="",C18="",D18=""),"",B18+C18+D18) | F18: =IF(OR(E18="",E18<=0),"",C18/E18) | H18: =IF(OR(G18="",G18<=0),"",C18/G18)
... E27: =IF(AND(B27="",C27="",D27=""),"",B27+C27+D27) | F27: =IF(OR(E27="",E27<=0),"",C27/E27) | H27: =IF(OR(G27="",G27<=0),"",C27/G27)
A28: TOPLAM | B28: =SUM(B4:B27) | C28: =SUM(C4:C27) | D28: =SUM(D4:D27) | E28: =SUM(E4:E27) | F28: =IF(E28>0,C28/E28,"") | G28: =SUM(G4:G27) | H28: =IF(COUNTIF(G4:G27,">0")=0,"",AVERAGEIF(G4:G27,">0",H4:H27))

Sheet Özet
A1: Nakit Akışı Özeti
A2: Bu sayfadaki her sayı Aylık sayfasından gelir; buraya elle bir şey yazmanız gerekmez.
A4: GENEL DURUM
A5: Dolu ay sayısı | B5: =COUNT('Aylık'!E4:E27)
A6: Toplam gelir | B6: ='Aylık'!E28
A7: Aylık ortalama gelir | B7: =IF(B5=0,"",B6/B5)
A8: Gideri girilmiş ay sayısı | B8: =COUNTIF('Aylık'!G4:G27,">0")
A9: Ortalama karşılama oranı | B9: =IF(B8=0,"",AVERAGEIF('Aylık'!G4:G27,">0",'Aylık'!H4:H27))
A10: Karşılama oranı: pasif gelirin o ayki gideri ne kadar karşıladığı. Yalnız gideri girilmiş aylardan hesaplanır.
A11: Gelir kaynağı | B11: Toplam | C11: Pay
A12: Aktif gelir (emek) | B12: ='Aylık'!B28 | C12: =IF($B$15<=0,"",B12/$B$15)
A13: Pasif gelir (kira, temettü vb.) | B13: ='Aylık'!C28 | C13: =IF($B$15<=0,"",B13/$B$15)
A14: Portföy geliri (değerleme) | B14: ='Aylık'!D28 | C14: =IF($B$15<=0,"",B14/$B$15)
A15: TOPLAM | B15: =SUM(B12:B14) | C15: =IF(B15<=0,"",SUM(C12:C14))
A16: Portföy geliri eksiyse payı da eksi görünür; o zaman diğer iki payın toplamı %100'ü aşar.
A18: DAHA PRATİK BİR YOL
A19: Bu şablonda her ayın gelirini siz girersiniz. Portföy gelirini yatırımlarınızın fiyatından kendisi hesaplayan bir uygulama isterseniz FÖY'e bakabilirsiniz — hesap açmadan çalışır.
A20: appfoy.com

Sheet Kullanım
A1: Nasıl Kullanılır?
A3: BEŞ ADIM
A4: 1. Aylık sayfasında boş bir satıra ayın adını yazın (örn. "Nisan 2026").
A5: 2. Aktif gelir sütununa emeğinizle kazandığınızı girin: maaş, serbest iş, ek iş.
A6: 3. Pasif gelir sütununa çalışmadan gelen geliri girin: kira, temettü, faiz.
A7: 4. Portföy geliri sütununa yatırımlarınızın o ayki değer değişimini girin. Değer düştüyse eksi yazın.
A8: 5. İsterseniz Aylık gider sütununa o ayki harcamanızı girin. Boş bırakabilirsiniz.
A9: Toplam gelir, Pasif payı ve karşılama sütunlarını Excel kendisi hesaplar. Bu sütunlara yazmayın.
A11: RENKLER NE ANLAMA GELİYOR
A12: Krem zeminli hücreler → siz doldurursunuz.
A13: Beyaz zeminli hücreler → Excel hesaplar, elle değiştirmeyin.
A14: Eksi sayılar başında eksi işaretiyle ve kırmızı görünür (örn. -9.600,00 ₺).
... A33: FÖY bir nakit akışı ve portföy takip aracıdır; yatırım danışmanlığı değildir. Bu dosyadaki örnek sayılar gerçek bir kişiyi temsil etmez.
